1,210,FR-R92B-58,HL Road Frame - Black- 58,0,Road,CO_RF,Components,Road Frames,Yes,2003-07-01
2,211,FR-R92R-58,HL Road Frame - Red- 58,0,Road,CO_RF,Components,Road Frames,Yes,2003-07-01
3,348,BK-M82B-38,Mountain-100 Black- 38,1898,Mountain,BI_MB,Bikes,Mountain Bikes,Yes,2011-07-01
4,349,BK-M82B-42,Mountain-100 Black- 42,1898,Mountain,BI_MB,Bikes,Mountain Bikes,Yes,2011-07-01
5,350,BK-M82B-44,Mountain-100 Black- 44,1898,Mountain,BI_MB,Bikes,Mountain Bikes,Yes,2011-07-01
6,351,BK-M82B-48,Mountain-100 Black- 48,1898,Mountain,BI_MB,Bikes,Mountain Bikes,Yes,2011-07-01
7,344,BK-M82S-38,Mountain-100 Silver- 38,1912,Mountain,BI_MB,Bikes,Mountain Bikes,Yes,2011-07-01
8,345,BK-M82S-42,Mountain-100 Silver- 42,1912,Mountain,BI_MB,Bikes,Mountain Bikes,Yes,2011-07-01
9,346,BK-M82S-44,Mountain-100 Silver- 44,1912,Mountain,BI_MB,Bikes,Mountain Bikes,Yes,2011-07-01
10,347,BK-M82S-48,Mountain-100 Silver- 48,1912,Mountain,BI_MB,Bikes,Mountain Bikes,Yes,2011-07-01
11,317,BK-R68R-44,Road-450 Red- 44,885,Road,BI_RB,Bikes,Road Bikes,Yes,2011-07-01
12,318,BK-R68R-48,Road-450 Red- 48,885,Road,BI_RB,Bikes,Road Bikes,Yes,2011-07-01
13,319,BK-R68R-52,Road-450 Red- 52,885,Road,BI_RB,Bikes,Road Bikes,Yes,2011-07-01
14,315,BK-R68R-58,Road-450 Red- 58,885,Road,BI_RB,Bikes,Road Bikes,Yes,2011-07-01
15,316,BK-R68R-60,Road-450 Red- 60,885,Road,BI_RB,Bikes,Road Bikes,Yes,2011-07-01
16,311,BK-R93R-44,Road-150 Red- 44,2171,Road,BI_RB,Bikes,Road Bikes,Yes,2011-07-01
17,312,BK-R93R-48,Road-150 Red- 48,2171,Road,BI_RB,Bikes,Road Bikes,Yes,2011-07-01
18,313,BK-R93R-52,Road-150 Red- 52,2171,Road,BI_RB,Bikes,Road Bikes,Yes,2011-07-01
19,314,BK-R93R-56,Road-150 Red- 56,2171,Road,BI_RB,Bikes,Road Bikes,Yes,2011-07-01
20,310,BK-R93R-62,Road-150 Red- 62,2171,Road,BI_RB,Bikes,Road Bikes,Yes,2011-07-01
21,299,FR-M94B-44,HL Mountain Frame - Black- 44,699,Mountain,CO_MF,Components,Mountain Frames,Yes,2011-07-01
22,300,FR-M94B-48,HL Mountain Frame - Black- 48,699,Mountain,CO_MF,Components,Mountain Frames,Yes,2011-07-01
23,291,FR-M94S-44,HL Mountain Frame - Silver- 44,707,Mountain,CO_MF,Components,Mountain Frames,Yes,2011-07-01
24,292,FR-M94S-52,HL Mountain Frame - Silver- 48,707,Mountain,CO_MF,Components,Mountain Frames,Yes,2011-07-01
25,274,FR-R72R-44,ML Road Frame - Red- 44,352,Road,CO_RF,Components,Road Frames,Yes,2011-07-01
26,275,FR-R72R-48,ML Road Frame - Red- 48,352,Road,CO_RF,Components,Road Frames,Yes,2011-07-01
27,276,FR-R72R-52,ML Road Frame - Red- 52,352,Road,CO_RF,Components,Road Frames,Yes,2011-07-01
28,277,FR-R72R-58,ML Road Frame - Red- 58,352,Road,CO_RF,Components,Road Frames,Yes,2011-07-01
29,278,FR-R72R-60,ML Road Frame - Red- 60,352,Road,CO_RF,Components,Road Frames,Yes,2011-07-01
30,219,SO-B909-L,Mountain Bike Socks- L,3,Mountain,CL_SO,Clothing,Socks,No,2011-07-01
31,218,SO-B909-M,Mountain Bike Socks- M,3,Mountain,CL_SO,Clothing,Socks,No,2011-07-01
32,364,BK-M47B-38,Mountain-300 Black- 38,598,Mountain,BI_MB,Bikes,Mountain Bikes,Yes,2012-07-01
33,365,BK-M47B-40,Mountain-300 Black- 40,598,Mountain,BI_MB,Bikes,Mountain Bikes,Yes,2012-07-01
34,366,BK-M47B-44,Mountain-300 Black- 44,598,Mountain,BI_MB,Bikes,Mountain Bikes,Yes,2012-07-01
35,367,BK-M47B-48,Mountain-300 Black- 48,598,Mountain,BI_MB,Bikes,Mountain Bikes,Yes,2012-07-01
36,339,BK-R50B-44,Road-650 Black- 44,487,Road,BI_RB,Bikes,Road Bikes,Yes,2012-07-01
37,341,BK-R50B-48,Road-650 Black- 48,487,Road,BI_RB,Bikes,Road Bikes,Yes,2012-07-01
38,343,BK-R50B-52,Road-650 Black- 52,487,Road,BI_RB,Bikes,Road Bikes,Yes,2012-07-01
39,333,BK-R50B-58,Road-650 Black- 58,487,Road,BI_RB,Bikes,Road Bikes,Yes,2012-07-01
40,335,BK-R50B-60,Road-650 Black- 60,487,Road,BI_RB,Bikes,Road Bikes,Yes,2012-07-01
41,337,BK-R50B-62,Road-650 Black- 62,487,Road,BI_RB,Bikes,Road Bikes,Yes,2012-07-01
42,327,BK-R50R-44,Road-650 Red- 44,487,Road,BI_RB,Bikes,Road Bikes,Yes,2012-07-01
43,329,BK-R50R-48,Road-650 Red- 48,487,Road,BI_RB,Bikes,Road Bikes,Yes,2012-07-01
44,331,BK-R50R-52,Road-650 Red- 52,487,Road,BI_RB,Bikes,Road Bikes,Yes,2012-07-01
45,321,BK-R50R-58,Road-650 Red- 58,487,Road,BI_RB,Bikes,Road Bikes,Yes,2012-07-01
46,323,BK-R50R-60,Road-650 Red- 60,487,Road,BI_RB,Bikes,Road Bikes,Yes,2012-07-01
47,325,BK-R50R-62,Road-650 Red- 62,487,Road,BI_RB,Bikes,Road Bikes,Yes,2012-07-01
48,368,BK-R89R-44,Road-250 Red- 44,1519,Road,BI_RB,Bikes,Road Bikes,Yes,2012-07-01
49,369,BK-R89R-48,Road-250 Red- 48,1519,Road,BI_RB,Bikes,Road Bikes,Yes,2012-07-01
50,370,BK-R89R-52,Road-250 Red- 52,1519,Road,BI_RB,Bikes,Road Bikes,Yes,2012-07-01
51,391,FK-1639,LL Fork,66,n/a,CO_FO,Components,Forks,Yes,2012-07-01
52,392,FK-5136,ML Fork,78,n/a,CO_FO,Components,Forks,Yes,2012-07-01
53,393,FK-9939,HL Fork,102,n/a,CO_FO,Components,Forks,Yes,2012-07-01
54,409,FR-M63B-38,ML Mountain Frame - Black- 38,186,Mountain,CO_MF,Components,Mountain Frames,Yes,2012-07-01
55,426,FR-M63B-40,ML Mountain Frame - Black- 40,186,Mountain,CO_MF,Components,Mountain Frames,Yes,2012-07-01
56,427,FR-M63B-44,ML Mountain Frame - Black- 44,186,Mountain,CO_MF,Components,Mountain Frames,Yes,2012-07-01
57,428,FR-M63B-48,ML Mountain Frame - Black- 48,186,Mountain,CO_MF,Components,Mountain Frames,Yes,2012-07-01
58,263,FR-R38R-44,LL Road Frame - Red- 44,187,Road,CO_RF,Components,Road Frames,Yes,2012-07-01
59,265,FR-R38R-48,LL Road Frame - Red- 48,187,Road,CO_RF,Components,Road Frames,Yes,2012-07-01
60,267,FR-R38R-52,LL Road Frame - Red- 52,187,Road,CO_RF,Components,Road Frames,Yes,2012-07-01
61,269,FR-R38R-58,LL Road Frame - Red- 58,187,Road,CO_RF,Components,Road Frames,Yes,2012-07-01
62,271,FR-R38R-60,LL Road Frame - Red- 60,187,Road,CO_RF,Components,Road Frames,Yes,2012-07-01
63,273,FR-R38R-62,LL Road Frame - Red- 62,187,Road,CO_RF,Components,Road Frames,Yes,2012-07-01
64,410,FW-M423,LL Mountain Front Wheel,27,Mountain,CO_WH,Components,Wheels,Yes,2012-07-01
65,411,FW-M762,ML Mountain Front Wheel,93,Mountain,CO_WH,Components,Wheels,Yes,2012-07-01
66,412,FW-M928,HL Mountain Front Wheel,133,Mountain,CO_WH,Components,Wheels,Yes,2012-07-01
67,413,FW-R623,LL Road Front Wheel,38,Road,CO_WH,Components,Wheels,Yes,2012-07-01
68,414,FW-R762,ML Road Front Wheel,110,Road,CO_WH,Components,Wheels,Yes,2012-07-01
69,415,FW-R820,HL Road Front Wheel,147,Road,CO_WH,Components,Wheels,Yes,2012-07-01
70,416,FW-T905,Touring Front Wheel,97,Touring,CO_WH,Components,Wheels,Yes,2012-07-01
71,470,GL-F110-L,Full-Finger Gloves- L,16,Mountain,CL_GL,Clothing,Gloves,No,2012-07-01
72,469,GL-F110-M,Full-Finger Gloves- M,16,Mountain,CL_GL,Clothing,Gloves,No,2012-07-01
73,468,GL-F110-S,Full-Finger Gloves- S,16,Mountain,CL_GL,Clothing,Gloves,No,2012-07-01
74,394,HS-0296,LL Headset,15,n/a,CO_HS,Components,Headsets,No,2012-07-01
75,395,HS-2451,ML Headset,45,n/a,CO_HS,Components,Headsets,No,2012-07-01
76,396,HS-3479,HL Headset,55,n/a,CO_HS,Components,Headsets,No,2012-07-01
77,447,LO-C100,Cable Lock,10,Other Sales,AC_LO,Accessories,Locks,Yes,2012-07-01
78,451,LT-H902,Headlights - Dual-Beam,14,Road,AC_LI,Accessories,Lights,Yes,2012-07-01
79,452,LT-H903,Headlights - Weatherproof,19,Road,AC_LI,Accessories,Lights,Yes,2012-07-01
80,450,LT-T990,Taillights - Battery-Powered,6,Road,AC_LI,Accessories,Lights,Yes,2012-07-01
81,446,PA-T100,Touring-Panniers- Large,52,Touring,AC_PA,Accessories,Panniers,No,2012-07-01
82,448,PU-0452,Minipump,8,Other Sales,AC_PU,Accessories,Pumps,Yes,2012-07-01
83,449,PU-M044,Mountain Pump,10,Mountain,AC_PU,Accessories,Pumps,Yes,2012-07-01
84,419,RW-M423,LL Mountain Rear Wheel,39,Mountain,CO_WH,Components,Wheels,Yes,2012-07-01
85,420,RW-M762,ML Mountain Rear Wheel,105,Mountain,CO_WH,Components,Wheels,Yes,2012-07-01
86,421,RW-M928,HL Mountain Rear Wheel,145,Mountain,CO_WH,Components,Wheels,Yes,2012-07-01
87,422,RW-R623,LL Road Rear Wheel,50,Road,CO_WH,Components,Wheels,Yes,2012-07-01
88,423,RW-R762,ML Road Rear Wheel,122,Road,CO_WH,Components,Wheels,Yes,2012-07-01
89,424,RW-R820,HL Road Rear Wheel,159,Road,CO_WH,Components,Wheels,Yes,2012-07-01
90,425,RW-T905,Touring Rear Wheel,109,Touring,CO_WH,Components,Wheels,Yes,2012-07-01
91,461,SB-M891-L,Men's Bib-Shorts- L,37,Other Sales,CL_BS,Clothing,Bib-Shorts,No,2012-07-01
92,460,SB-M891-M,Men's Bib-Shorts- M,37,Other Sales,CL_BS,Clothing,Bib-Shorts,No,2012-07-01
93,459,SB-M891-S,Men's Bib-Shorts- S,37,Other Sales,CL_BS,Clothing,Bib-Shorts,No,2012-07-01
94,454,SH-M897-L,Men's Sports Shorts- L,25,Other Sales,CL_SH,Clothing,Shorts,No,2012-07-01
95,453,SH-M897-M,Men's Sports Shorts- M,25,Other Sales,CL_SH,Clothing,Shorts,No,2012-07-01
96,445,SH-M897-S,Men's Sports Shorts- S,25,Other Sales,CL_SH,Clothing,Shorts,No,2012-07-01
97,455,SH-M897-X,Men's Sports Shorts- XL,25,Other Sales,CL_SH,Clothing,Shorts,No,2012-07-01
98,458,TG-W091-L,Women's Tights- L,31,Other Sales,CL_TI,Clothing,Tights,No,2012-07-01
99,457,TG-W091-M,Women's Tights- M,31,Other Sales,CL_TI,Clothing,Tights,No,2012-07-01
100,456,TG-W091-S,Women's Tights- S,31,Other Sales,CL_TI,Clothing,Tights,No,2012-07-01
101,601,BB-7421,LL Bottom Bracket,24,n/a,CO_BB,Components,Bottom Brackets,Yes,2013-07-01
102,602,BB-8107,ML Bottom Bracket,45,n/a,CO_BB,Components,Bottom Brackets,Yes,2013-07-01
103,603,BB-9108,HL Bottom Bracket,54,n/a,CO_BB,Components,Bottom Brackets,Yes,2013-07-01
104,478,BC-M005,Mountain Bottle Cage,4,Mountain,AC_BC,Accessories,Bottles and Cages,No,2013-07-01
105,479,BC-R205,Road Bottle Cage,3,Road,AC_BC,Accessories,Bottles and Cages,No,2013-07-01
106,596,BK-M18B-40,Mountain-500 Black- 40,295,Mountain,BI_MB,Bikes,Mountain Bikes,Yes,2013-07-01
107,597,BK-M18B-42,Mountain-500 Black- 42,295,Mountain,BI_MB,Bikes,Mountain Bikes,Yes,2013-07-01
108,598,BK-M18B-44,Mountain-500 Black- 44,295,Mountain,BI_MB,Bikes,Mountain Bikes,Yes,2013-07-01
109,599,BK-M18B-48,Mountain-500 Black- 48,295,Mountain,BI_MB,Bikes,Mountain Bikes,Yes,2013-07-01
110,600,BK-M18B-52,Mountain-500 Black- 52,295,Mountain,BI_MB,Bikes,Mountain Bikes,Yes,2013-07-01
111,591,BK-M18S-40,Mountain-500 Silver- 40,308,Mountain,BI_MB,Bikes,Mountain Bikes,Yes,2013-07-01
112,592,BK-M18S-42,Mountain-500 Silver- 42,308,Mountain,BI_MB,Bikes,Mountain Bikes,Yes,2013-07-01
113,593,BK-M18S-44,Mountain-500 Silver- 44,308,Mountain,BI_MB,Bikes,Mountain Bikes,Yes,2013-07-01
114,594,BK-M18S-48,Mountain-500 Silver- 48,308,Mountain,BI_MB,Bikes,Mountain Bikes,Yes,2013-07-01
115,595,BK-M18S-52,Mountain-500 Silver- 52,308,Mountain,BI_MB,Bikes,Mountain Bikes,Yes,2013-07-01
116,587,BK-M38S-38,Mountain-400-W Silver- 38,420,Mountain,BI_MB,Bikes,Mountain Bikes,Yes,2013-07-01
117,588,BK-M38S-40,Mountain-400-W Silver- 40,420,Mountain,BI_MB,Bikes,Mountain Bikes,Yes,2013-07-01
118,589,BK-M38S-42,Mountain-400-W Silver- 42,420,Mountain,BI_MB,Bikes,Mountain Bikes,Yes,2013-07-01
119,590,BK-M38S-46,Mountain-400-W Silver- 46,420,Mountain,BI_MB,Bikes,Mountain Bikes,Yes,2013-07-01
120,359,BK-M68B-38,Mountain-200 Black- 38,1252,Mountain,BI_MB,Bikes,Mountain Bikes,Yes,2013-07-01
121,361,BK-M68B-42,Mountain-200 Black- 42,1252,Mountain,BI_MB,Bikes,Mountain Bikes,Yes,2013-07-01
122,363,BK-M68B-46,Mountain-200 Black- 46,1252,Mountain,BI_MB,Bikes,Mountain Bikes,Yes,2013-07-01
123,353,BK-M68S-38,Mountain-200 Silver- 38,1266,Mountain,BI_MB,Bikes,Mountain Bikes,Yes,2013-07-01
124,355,BK-M68S-42,Mountain-200 Silver- 42,1266,Mountain,BI_MB,Bikes,Mountain Bikes,Yes,2013-07-01
125,357,BK-M68S-46,Mountain-200 Silver- 46,1266,Mountain,BI_MB,Bikes,Mountain Bikes,Yes,2013-07-01
126,604,BK-R19B-44,Road-750 Black- 44,344,Road,BI_RB,Bikes,Road Bikes,Yes,2013-07-01
127,605,BK-R19B-48,Road-750 Black- 48,344,Road,BI_RB,Bikes,Road Bikes,Yes,2013-07-01
128,606,BK-R19B-52,Road-750 Black- 52,344,Road,BI_RB,Bikes,Road Bikes,Yes,2013-07-01
129,584,BK-R19B-58,Road-750 Black- 58,344,Road,BI_RB,Bikes,Road Bikes,Yes,2013-07-01
130,382,BK-R64Y-38,Road-550-W Yellow- 38,713,Road,BI_RB,Bikes,Road Bikes,Yes,2013-07-01
131,384,BK-R64Y-40,Road-550-W Yellow- 40,713,Road,BI_RB,Bikes,Road Bikes,Yes,2013-07-01
132,386,BK-R64Y-42,Road-550-W Yellow- 42,713,Road,BI_RB,Bikes,Road Bikes,Yes,2013-07-01
133,388,BK-R64Y-44,Road-550-W Yellow- 44,713,Road,BI_RB,Bikes,Road Bikes,Yes,2013-07-01
134,390,BK-R64Y-48,Road-550-W Yellow- 48,713,Road,BI_RB,Bikes,Road Bikes,Yes,2013-07-01
135,580,BK-R79Y-40,Road-350-W Yellow- 40,1083,Road,BI_RB,Bikes,Road Bikes,Yes,2013-07-01
136,581,BK-R79Y-42,Road-350-W Yellow- 42,1083,Road,BI_RB,Bikes,Road Bikes,Yes,2013-07-01
137,582,BK-R79Y-44,Road-350-W Yellow- 44,1083,Road,BI_RB,Bikes,Road Bikes,Yes,2013-07-01
138,583,BK-R79Y-48,Road-350-W Yellow- 48,1083,Road,BI_RB,Bikes,Road Bikes,Yes,2013-07-01
139,374,BK-R89B-44,Road-250 Black- 44,1555,Road,BI_RB,Bikes,Road Bikes,Yes,2013-07-01
140,376,BK-R89B-48,Road-250 Black- 48,1555,Road,BI_RB,Bikes,Road Bikes,Yes,2013-07-01
141,378,BK-R89B-52,Road-250 Black- 52,1555,Road,BI_RB,Bikes,Road Bikes,Yes,2013-07-01
142,380,BK-R89B-58,Road-250 Black- 58,1555,Road,BI_RB,Bikes,Road Bikes,Yes,2013-07-01
143,372,BK-R89R-58,Road-250 Red- 58,1555,Road,BI_RB,Bikes,Road Bikes,Yes,2013-07-01
144,585,BK-T18U-44,Touring-3000 Blue- 44,461,Touring,BI_TB,Bikes,Touring Bikes,Yes,2013-07-01
145,586,BK-T18U-50,Touring-3000 Blue- 50,461,Touring,BI_TB,Bikes,Touring Bikes,Yes,2013-07-01
146,565,BK-T18U-54,Touring-3000 Blue- 54,461,Touring,BI_TB,Bikes,Touring Bikes,Yes,2013-07-01
147,566,BK-T18U-58,Touring-3000 Blue- 58,461,Touring,BI_TB,Bikes,Touring Bikes,Yes,2013-07-01
148,567,BK-T18U-62,Touring-3000 Blue- 62,461,Touring,BI_TB,Bikes,Touring Bikes,Yes,2013-07-01
149,568,BK-T18Y-44,Touring-3000 Yellow- 44,461,Touring,BI_TB,Bikes,Touring Bikes,Yes,2013-07-01
150,569,BK-T18Y-50,Touring-3000 Yellow- 50,461,Touring,BI_TB,Bikes,Touring Bikes,Yes,2013-07-01
151,570,BK-T18Y-54,Touring-3000 Yellow- 54,461,Touring,BI_TB,Bikes,Touring Bikes,Yes,2013-07-01
152,571,BK-T18Y-58,Touring-3000 Yellow- 58,461,Touring,BI_TB,Bikes,Touring Bikes,Yes,2013-07-01
153,572,BK-T18Y-62,Touring-3000 Yellow- 62,461,Touring,BI_TB,Bikes,Touring Bikes,Yes,2013-07-01
154,577,BK-T44U-46,Touring-2000 Blue- 46,755,Touring,BI_TB,Bikes,Touring Bikes,Yes,2013-07-01
155,578,BK-T44U-50,Touring-2000 Blue- 50,755,Touring,BI_TB,Bikes,Touring Bikes,Yes,2013-07-01
156,579,BK-T44U-54,Touring-2000 Blue- 54,755,Touring,BI_TB,Bikes,Touring Bikes,Yes,2013-07-01
157,560,BK-T44U-60,Touring-2000 Blue- 60,755,Touring,BI_TB,Bikes,Touring Bikes,Yes,2013-07-01
158,573,BK-T79U-46,Touring-1000 Blue- 46,1482,Touring,BI_TB,Bikes,Touring Bikes,Yes,2013-07-01
159,574,BK-T79U-50,Touring-1000 Blue- 50,1482,Touring,BI_TB,Bikes,Touring Bikes,Yes,2013-07-01
160,575,BK-T79U-54,Touring-1000 Blue- 54,1482,Touring,BI_TB,Bikes,Touring Bikes,Yes,2013-07-01
161,576,BK-T79U-60,Touring-1000 Blue- 60,1482,Touring,BI_TB,Bikes,Touring Bikes,Yes,2013-07-01
162,561,BK-T79Y-46,Touring-1000 Yellow- 46,1482,Touring,BI_TB,Bikes,Touring Bikes,Yes,2013-07-01
163,562,BK-T79Y-50,Touring-1000 Yellow- 50,1482,Touring,BI_TB,Bikes,Touring Bikes,Yes,2013-07-01
164,563,BK-T79Y-54,Touring-1000 Yellow- 54,1482,Touring,BI_TB,Bikes,Touring Bikes,Yes,2013-07-01
165,564,BK-T79Y-60,Touring-1000 Yellow- 60,1482,Touring,BI_TB,Bikes,Touring Bikes,Yes,2013-07-01
166,225,CA-1098,AWC Logo Cap,7,Other Sales,CL_CA,Clothing,Caps,No,2013-07-01
167,559,CH-0234,Chain,9,n/a,CO_CH,Components,Chains,Yes,2013-07-01
168,484,CL-9009,Bike Wash - Dissolver,3,Other Sales,AC_CL,Accessories,Cleaners,Yes,2013-07-01
169,556,CS-4759,LL Crankset,78,n/a,CO_CS,Components,Cranksets,Yes,2013-07-01
170,557,CS-6583,ML Crankset,114,n/a,CO_CS,Components,Cranksets,Yes,2013-07-01
171,558,CS-9183,HL Crankset,180,n/a,CO_CS,Components,Cranksets,Yes,2013-07-01
172,555,FB-9873,Front Brakes,47,n/a,CO_BR,Components,Brakes,Yes,2013-07-01
173,552,FD-2342,Front Derailleur,41,n/a,CO_DE,Components,Derailleurs,Yes,2013-07-01
174,485,FE-6654,Fender Set - Mountain,8,Mountain,AC_FE,Accessories,Fenders,No,2013-07-01
175,550,FR-M21B-40,LL Mountain Frame - Black- 40,137,Mountain,CO_MF,Components,Mountain Frames,Yes,2013-07-01
176,531,FR-M21B-42,LL Mountain Frame - Black- 42,137,Mountain,CO_MF,Components,Mountain Frames,Yes,2013-07-01
177,532,FR-M21B-44,LL Mountain Frame - Black- 44,137,Mountain,CO_MF,Components,Mountain Frames,Yes,2013-07-01
178,533,FR-M21B-48,LL Mountain Frame - Black- 48,137,Mountain,CO_MF,Components,Mountain Frames,Yes,2013-07-01
179,534,FR-M21B-52,LL Mountain Frame - Black- 52,137,Mountain,CO_MF,Components,Mountain Frames,Yes,2013-07-01
180,551,FR-M21S-40,LL Mountain Frame - Silver- 40,145,Mountain,CO_MF,Components,Mountain Frames,Yes,2013-07-01
181,524,FR-M21S-42,LL Mountain Frame - Silver- 42,145,Mountain,CO_MF,Components,Mountain Frames,Yes,2013-07-01
182,525,FR-M21S-44,LL Mountain Frame - Silver- 44,145,Mountain,CO_MF,Components,Mountain Frames,Yes,2013-07-01
183,526,FR-M21S-48,LL Mountain Frame - Silver- 48,145,Mountain,CO_MF,Components,Mountain Frames,Yes,2013-07-01
184,527,FR-M21S-52,LL Mountain Frame - Silver- 52,145,Mountain,CO_MF,Components,Mountain Frames,Yes,2013-07-01
185,549,FR-M63S-38,ML Mountain Frame-W - Silver- 38,199,Mountain,CO_MF,Components,Mountain Frames,Yes,2013-07-01
186,511,FR-M63S-40,ML Mountain Frame-W - Silver- 40,199,Mountain,CO_MF,Components,Mountain Frames,Yes,2013-07-01
187,512,FR-M63S-42,ML Mountain Frame-W - Silver- 42,199,Mountain,CO_MF,Components,Mountain Frames,Yes,2013-07-01
188,513,FR-M63S-46,ML Mountain Frame-W - Silver- 46,199,Mountain,CO_MF,Components,Mountain Frames,Yes,2013-07-01
189,306,FR-M94B-38,HL Mountain Frame - Black- 38,739,Mountain,CO_MF,Components,Mountain Frames,Yes,2013-07-01
190,298,FR-M94B-42,HL Mountain Frame - Black- 42,739,Mountain,CO_MF,Components,Mountain Frames,Yes,2013-07-01
191,303,FR-M94B-46,HL Mountain Frame - Black- 46,739,Mountain,CO_MF,Components,Mountain Frames,Yes,2013-07-01
192,309,FR-M94S-38,HL Mountain Frame - Silver- 38,747,Mountain,CO_MF,Components,Mountain Frames,Yes,2013-07-01
193,290,FR-M94S-42,HL Mountain Frame - Silver- 42,747,Mountain,CO_MF,Components,Mountain Frames,Yes,2013-07-01
194,295,FR-M94S-46,HL Mountain Frame - Silver- 46,747,Mountain,CO_MF,Components,Mountain Frames,Yes,2013-07-01
195,281,FR-R38B-44,LL Road Frame - Black- 44,205,Road,CO_RF,Components,Road Frames,Yes,2013-07-01
196,284,FR-R38B-48,LL Road Frame - Black- 48,205,Road,CO_RF,Components,Road Frames,Yes,2013-07-01
197,287,FR-R38B-52,LL Road Frame - Black- 52,205,Road,CO_RF,Components,Road Frames,Yes,2013-07-01
198,255,FR-R38B-58,LL Road Frame - Black- 58,205,Road,CO_RF,Components,Road Frames,Yes,2013-07-01
199,258,FR-R38B-60,LL Road Frame - Black- 60,205,Road,CO_RF,Components,Road Frames,Yes,2013-07-01
200,261,FR-R38B-62,LL Road Frame - Black- 62,205,Road,CO_RF,Components,Road Frames,Yes,2013-07-01
201,418,FR-R72Y-38,ML Road Frame-W - Yellow- 38,361,Road,CO_RF,Components,Road Frames,Yes,2013-07-01
202,430,FR-R72Y-40,ML Road Frame-W - Yellow- 40,361,Road,CO_RF,Components,Road Frames,Yes,2013-07-01
203,432,FR-R72Y-42,ML Road Frame-W - Yellow- 42,361,Road,CO_RF,Components,Road Frames,Yes,2013-07-01
204,434,FR-R72Y-44,ML Road Frame-W - Yellow- 44,361,Road,CO_RF,Components,Road Frames,Yes,2013-07-01
205,436,FR-R72Y-48,ML Road Frame-W - Yellow- 48,361,Road,CO_RF,Components,Road Frames,Yes,2013-07-01
206,440,FR-R92B-44,HL Road Frame - Black- 44,869,Road,CO_RF,Components,Road Frames,Yes,2013-07-01
207,442,FR-R92B-48,HL Road Frame - Black- 48,869,Road,CO_RF,Components,Road Frames,Yes,2013-07-01
208,444,FR-R92B-52,HL Road Frame - Black- 52,869,Road,CO_RF,Components,Road Frames,Yes,2013-07-01
209,438,FR-R92B-62,HL Road Frame - Black- 62,869,Road,CO_RF,Components,Road Frames,Yes,2013-07-01
210,243,FR-R92R-44,HL Road Frame - Red- 44,869,Road,CO_RF,Components,Road Frames,Yes,2013-07-01
211,246,FR-R92R-48,HL Road Frame - Red- 48,869,Road,CO_RF,Components,Road Frames,Yes,2013-07-01
212,249,FR-R92R-52,HL Road Frame - Red- 52,869,Road,CO_RF,Components,Road Frames,Yes,2013-07-01
213,252,FR-R92R-56,HL Road Frame - Red- 56,869,Road,CO_RF,Components,Road Frames,Yes,2013-07-01
214,240,FR-R92R-62,HL Road Frame - Red- 62,869,Road,CO_RF,Components,Road Frames,Yes,2013-07-01
215,510,FR-T67U-44,LL Touring Frame - Blue- 44,200,Touring,CO_TF,Components,Touring Frames,Yes,2013-07-01
216,502,FR-T67U-50,LL Touring Frame - Blue- 50,200,Touring,CO_TF,Components,Touring Frames,Yes,2013-07-01
217,503,FR-T67U-54,LL Touring Frame - Blue- 54,200,Touring,CO_TF,Components,Touring Frames,Yes,2013-07-01
218,504,FR-T67U-58,LL Touring Frame - Blue- 58,200,Touring,CO_TF,Components,Touring Frames,Yes,2013-07-01
219,505,FR-T67U-62,LL Touring Frame - Blue- 62,200,Touring,CO_TF,Components,Touring Frames,Yes,2013-07-01
220,506,FR-T67Y-44,LL Touring Frame - Yellow- 44,200,Touring,CO_TF,Components,Touring Frames,Yes,2013-07-01
221,507,FR-T67Y-50,LL Touring Frame - Yellow- 50,200,Touring,CO_TF,Components,Touring Frames,Yes,2013-07-01
222,508,FR-T67Y-54,LL Touring Frame - Yellow- 54,200,Touring,CO_TF,Components,Touring Frames,Yes,2013-07-01
223,509,FR-T67Y-58,LL Touring Frame - Yellow- 58,200,Touring,CO_TF,Components,Touring Frames,Yes,2013-07-01
224,493,FR-T67Y-62,LL Touring Frame - Yellow- 62,200,Touring,CO_TF,Components,Touring Frames,Yes,2013-07-01
225,497,FR-T98U-46,HL Touring Frame - Blue- 46,602,Touring,CO_TF,Components,Touring Frames,Yes,2013-07-01
226,498,FR-T98U-50,HL Touring Frame - Blue- 50,602,Touring,CO_TF,Components,Touring Frames,Yes,2013-07-01
227,499,FR-T98U-54,HL Touring Frame - Blue- 54,602,Touring,CO_TF,Components,Touring Frames,Yes,2013-07-01
228,500,FR-T98U-60,HL Touring Frame - Blue- 60,602,Touring,CO_TF,Components,Touring Frames,Yes,2013-07-01
229,494,FR-T98Y-46,HL Touring Frame - Yellow- 46,602,Touring,CO_TF,Components,Touring Frames,Yes,2013-07-01
230,495,FR-T98Y-50,HL Touring Frame - Yellow- 50,602,Touring,CO_TF,Components,Touring Frames,Yes,2013-07-01
231,496,FR-T98Y-54,HL Touring Frame - Yellow- 54,602,Touring,CO_TF,Components,Touring Frames,Yes,2013-07-01
232,492,FR-T98Y-60,HL Touring Frame - Yellow- 60,602,Touring,CO_TF,Components,Touring Frames,Yes,2013-07-01
233,467,GL-H102-L,Half-Finger Gloves- L,9,Other Sales,CL_GL,Clothing,Gloves,No,2013-07-01
234,465,GL-H102-M,Half-Finger Gloves- M,9,Other Sales,CL_GL,Clothing,Gloves,No,2013-07-01
235,463,GL-H102-S,Half-Finger Gloves- S,9,Other Sales,CL_GL,Clothing,Gloves,No,2013-07-01
236,398,HB-M243,LL Mountain Handlebars,20,Mountain,CO_HB,Components,Handlebars,No,2013-07-01
237,400,HB-M763,ML Mountain Handlebars,27,Mountain,CO_HB,Components,Handlebars,No,2013-07-01
238,402,HB-M918,HL Mountain Handlebars,53,Mountain,CO_HB,Components,Handlebars,No,2013-07-01
239,404,HB-R504,LL Road Handlebars,20,Road,CO_HB,Components,Handlebars,No,2013-07-01
240,406,HB-R720,ML Road Handlebars,27,Road,CO_HB,Components,Handlebars,No,2013-07-01
241,408,HB-R956,HL Road Handlebars,53,Road,CO_HB,Components,Handlebars,No,2013-07-01
242,553,HB-T721,LL Touring Handlebars,20,Touring,CO_HB,Components,Handlebars,No,2013-07-01
243,554,HB-T928,HL Touring Handlebars,41,Touring,CO_HB,Components,Handlebars,No,2013-07-01
244,217,HL-U509,Sport-100 Helmet- Black,13,Other Sales,AC_HE,Accessories,Helmets,Yes,2013-07-01
245,222,HL-U509-B,Sport-100 Helmet- Blue,13,Other Sales,AC_HE,Accessories,Helmets,Yes,2013-07-01
246,214,HL-U509-R,Sport-100 Helmet- Red,13,Other Sales,AC_HE,Accessories,Helmets,Yes,2013-07-01
247,487,HY-1023-70,Hydration Pack - 70 oz.,21,Other Sales,AC_HP,Accessories,Hydration Packs,No,2013-07-01
248,234,LJ-0192-L,Long-Sleeve Logo Jersey- L,38,Other Sales,CL_JE,Clothing,Jerseys,No,2013-07-01
249,231,LJ-0192-M,Long-Sleeve Logo Jersey- M,38,Other Sales,CL_JE,Clothing,Jerseys,No,2013-07-01
250,228,LJ-0192-S,Long-Sleeve Logo Jersey- S,38,Other Sales,CL_JE,Clothing,Jerseys,No,2013-07-01
251,237,LJ-0192-X,Long-Sleeve Logo Jersey- XL,38,Other Sales,CL_JE,Clothing,Jerseys,No,2013-07-01
252,542,PD-M282,LL Mountain Pedal,18,Mountain,CO_PE,NULL,NULL,NULL,2013-07-01
253,543,PD-M340,ML Mountain Pedal,28,Mountain,CO_PE,NULL,NULL,NULL,2013-07-01
254,544,PD-M562,HL Mountain Pedal,36,Mountain,CO_PE,NULL,NULL,NULL,2013-07-01
255,545,PD-R347,LL Road Pedal,18,Road,CO_PE,NULL,NULL,NULL,2013-07-01
256,546,PD-R563,ML Road Pedal,28,Road,CO_PE,NULL,NULL,NULL,2013-07-01
257,547,PD-R853,HL Road Pedal,36,Road,CO_PE,NULL,NULL,NULL,2013-07-01
258,548,PD-T852,Touring Pedal,36,Touring,CO_PE,NULL,NULL,NULL,2013-07-01
259,480,PK-7098,Patch Kit/8 Patches,1,Other Sales,AC_TT,Accessories,Tires and Tubes,Yes,2013-07-01
260,483,RA-H123,Hitch Rack - 4-Bike,45,Other Sales,AC_BR,Accessories,Bike Racks,Yes,2013-07-01
261,514,RB-9231,Rear Brakes,47,n/a,CO_BR,Components,Brakes,Yes,2013-07-01
262,501,RD-2308,Rear Derailleur,54,n/a,CO_DE,Components,Derailleurs,Yes,2013-07-01
263,515,SE-M236,LL Mountain Seat/Saddle,12,Mountain,CO_SA,Components,Saddles,No,2013-07-01
264,516,SE-M798,ML Mountain Seat/Saddle,17,Mountain,CO_SA,Components,Saddles,No,2013-07-01
265,517,SE-M940,HL Mountain Seat/Saddle,23,Mountain,CO_SA,Components,Saddles,No,2013-07-01
266,518,SE-R581,LL Road Seat/Saddle,12,Road,CO_SA,Components,Saddles,No,2013-07-01
267,519,SE-R908,ML Road Seat/Saddle,17,Touring,CO_SA,Components,Saddles,No,2013-07-01
268,520,SE-R995,HL Road Seat/Saddle,23,Road,CO_SA,Components,Saddles,No,2013-07-01
269,521,SE-T312,LL Touring Seat/Saddle,12,Touring,CO_SA,Components,Saddles,No,2013-07-01
270,522,SE-T762,ML Touring Seat/Saddle,17,Touring,CO_SA,Components,Saddles,No,2013-07-01
271,523,SE-T924,HL Touring Seat/Saddle,23,Touring,CO_SA,Components,Saddles,No,2013-07-01
272,476,SH-W890-L,Women's Mountain Shorts- L,26,Mountain,CL_SH,Clothing,Shorts,No,2013-07-01
273,475,SH-W890-M,Women's Mountain Shorts- M,26,Mountain,CL_SH,Clothing,Shorts,No,2013-07-01
274,474,SH-W890-S,Women's Mountain Shorts- S,26,Mountain,CL_SH,Clothing,Shorts,No,2013-07-01
275,490,SJ-0194-L,Short-Sleeve Classic Jersey- L,42,Other Sales,CL_JE,Clothing,Jerseys,No,2013-07-01
276,489,SJ-0194-M,Short-Sleeve Classic Jersey- M,42,Other Sales,CL_JE,Clothing,Jerseys,No,2013-07-01
277,488,SJ-0194-S,Short-Sleeve Classic Jersey- S,42,Other Sales,CL_JE,Clothing,Jerseys,No,2013-07-01
278,491,SJ-0194-X,Short-Sleeve Classic Jersey- XL,42,Other Sales,CL_JE,Clothing,Jerseys,No,2013-07-01
279,482,SO-R809-L,Racing Socks- L,3,Road,CL_SO,Clothing,Socks,No,2013-07-01
280,481,SO-R809-M,Racing Socks- M,3,Road,CL_SO,Clothing,Socks,No,2013-07-01
281,486,ST-1401,All-Purpose Bike Stand,59,Mountain,AC_BS,Accessories,Bike Stands,No,2013-07-01
282,535,TI-M267,LL Mountain Tire,9,Mountain,AC_TT,Accessories,Tires and Tubes,Yes,2013-07-01
283,536,TI-M602,ML Mountain Tire,11,Mountain,AC_TT,Accessories,Tires and Tubes,Yes,2013-07-01
284,537,TI-M823,HL Mountain Tire,13,Mountain,AC_TT,Accessories,Tires and Tubes,Yes,2013-07-01
285,538,TI-R092,LL Road Tire,8,Road,AC_TT,Accessories,Tires and Tubes,Yes,2013-07-01
286,539,TI-R628,ML Road Tire,9,Road,AC_TT,Accessories,Tires and Tubes,Yes,2013-07-01
287,540,TI-R982,HL Road Tire,12,Road,AC_TT,Accessories,Tires and Tubes,Yes,2013-07-01
288,541,TI-T723,Touring Tire,11,Touring,AC_TT,Accessories,Tires and Tubes,Yes,2013-07-01
289,528,TT-M928,Mountain Tire Tube,2,Mountain,AC_TT,Accessories,Tires and Tubes,Yes,2013-07-01
290,529,TT-R982,Road Tire Tube,1,Road,AC_TT,Accessories,Tires and Tubes,Yes,2013-07-01
291,530,TT-T092,Touring Tire Tube,2,Touring,AC_TT,Accessories,Tires and Tubes,Yes,2013-07-01
292,473,VE-C304-L,Classic Vest- L,24,Other Sales,CL_VE,Clothing,Vests,No,2013-07-01
293,472,VE-C304-M,Classic Vest- M,24,Other Sales,CL_VE,Clothing,Vests,No,2013-07-01
294,471,VE-C304-S,Classic Vest- S,24,Other Sales,CL_VE,Clothing,Vests,No,2013-07-01
295,477,WB-H098,Water Bottle - 30 oz.,2,Other Sales,AC_BC,Accessories,Bottles and Cages,No,2013-07-01
